{
    "silhouette": 0.3373181357208988,
    "davies_bouldin": 1.0085190168455185
}