{
    "silhouette": 0.401951402425766,
    "davies_bouldin": 0.7967042984054608
}