Method,Silhouette,Davies-Bouldin,Physics-Consistency
Physics-UMAP,0.46266183257102966,0.8459172887656315,0.26778269287465534
